score,signals,permit_number,address,zip,description,valuation,sqft,floors,work_class,permit_class,issue_date,contractor_company,contractor_name,contractor_phone,contractor_city,equipment,permit_link
95,"$20M+ value, 50K+ sqft, 57 floors, New",2026-049440 BP,62 EAST AVE UNIT GAR1,78701,ePlan: Expedited Review - New Construction of Parking Garage.,154000000.0,148884.0,57,New,C- 321 Pkg Garage Bldg & Open Deck,2026-05-08,Summit Design Build,Adam Miller,(312) 229-4632,Chicago,"Tower Cranes, Concrete Equipment, Skid Steers",https://abc.austintexas.gov/web/permit/public-search-other?t_detail=1&t_selected_folderrsn=13690971
95,"$20M+ value, 50K+ sqft, 57 floors, Shell",2026-049438 BP,62 EAST AVE,78701,ePlan: Expedited Review - New Shell Building of a 57-Story Mixed Use Multi-Family Bldg. with Parking Garage. Contains Lobby Offices Amenities Mail Bre,154000000.0,364250.0,57,Shell,C- 105 Five or More Family Bldgs,2026-05-08,Summit Design Build,Adam Miller,(312) 229-4632,Chicago,"Boom Lifts, Tower Cranes, Cranes, Concrete Equipment, Skid Steers",https://abc.austintexas.gov/web/permit/public-search-other?t_detail=1&t_selected_folderrsn=13690966
95,"$20M+ value, 50K+ sqft, 4 floors, New",2025-141339 BP,1420 E HOWARD LN BLDG 1,78660,CONSTRUCT NEW MULTIFAMILY COMPLEX     BLDG 1 TYPE A,39719000.0,86128.0,4,New,C- 105 Five or More Family Bldgs,2026-05-08,Journeyman Construction,Cannon Kilde,(512) 247-7000,AUSTIN,"Excavators, Dozers, Loaders",https://abc.austintexas.gov/web/permit/public-search-other?t_detail=1&t_selected_folderrsn=13609126
95,"$20M+ value, 50K+ sqft, 4 floors, New",2025-141340 BP,1420 E HOWARD LN BLDG 2,78660,CONSTRUCT NEW MULTIFAMILY COMPLEX     BLDG 2 TYPE B,39719000.0,72848.0,4,New,C- 105 Five or More Family Bldgs,2026-05-08,Journeyman Construction,Cannon Kilde,(512) 247-7000,AUSTIN,"Excavators, Dozers, Loaders",https://abc.austintexas.gov/web/permit/public-search-other?t_detail=1&t_selected_folderrsn=13609127
95,"$20M+ value, 50K+ sqft, 4 floors, New",2025-141341 BP,1420 E HOWARD LN BLDG 3,78660,CONSTRUCT NEW MULTIFAMILY COMPLEX     BLDG 3 TYPE C,39719000.0,81656.0,4,New,C- 105 Five or More Family Bldgs,2026-05-08,Journeyman Construction,Cannon Kilde,(512) 247-7000,AUSTIN,"Excavators, Dozers, Loaders",https://abc.austintexas.gov/web/permit/public-search-other?t_detail=1&t_selected_folderrsn=13609128
95,"$20M+ value, 50K+ sqft, 4 floors, New",2026-037893 BP,3505 MONTOPOLIS DR BLDG J,78744,ePlan: Commercial Expedited Review - New Construction of 4 Story Admin Office Building (56903 SF).,22000000.0,56903.0,4,New,"C- 324 Office, Bank & Professional Bldgs",2026-03-30,"ZAPALAC/REED CONSTRUCTION CO., LP",Juan-Carlos Talamantes,(512) 306-8888,BEE CAVE,Boom Lifts,https://abc.austintexas.gov/web/permit/public-search-other?t_detail=1&t_selected_folderrsn=13677839
90,"$20M+ value, 50K+ sqft, 3 floors, New",2026-018953 BP,5600 SUNSHINE DR BLDG J,78756,Construction of a New 3-Story Building to include Science Labs and CTE Spaces Additional Parking and Landscape  PuPR2,35587000.0,54572.0,3,New,C- 326 Schools & Other Educational Bldgs,2026-04-16,Adolfson & Peterson Construction,Lance Bonderer,(785) 456-3702,AUSTIN,"Boom Lifts, Skid Steers",https://abc.austintexas.gov/web/permit/public-search-other?t_detail=1&t_selected_folderrsn=13656389
85,"$20M+ value, 4 floors, New",2025-141344 BP,1420 E HOWARD LN BLDG CP1,78660,CONSTRUCT NEW MULTIFAMILY COMPLEX - CARPORT,39719000.0,975.0,4,New,C- 105 Five or More Family Bldgs,2026-05-08,Journeyman Construction,Cannon Kilde,(512) 247-7000,AUSTIN,"Excavators, Dozers, Loaders",https://abc.austintexas.gov/web/permit/public-search-other?t_detail=1&t_selected_folderrsn=13609131
85,"$20M+ value, 4 floors, New",2025-141351 BP,1420 E HOWARD LN BLDG CP8,78660,CONSTRUCT NEW MULTIFAMILY COMPLEX - CARPORT,39719000.0,975.0,4,New,C- 105 Five or More Family Bldgs,2026-05-08,Journeyman Construction,Cannon Kilde,(512) 247-7000,AUSTIN,"Excavators, Dozers, Loaders",https://abc.austintexas.gov/web/permit/public-search-other?t_detail=1&t_selected_folderrsn=13609138
85,"$20M+ value, 4 floors, New",2025-141348 BP,1420 E HOWARD LN BLDG CP5,78660,CONSTRUCT NEW MULTIFAMILY COMPLEX - CARPORT,39719000.0,975.0,4,New,C- 105 Five or More Family Bldgs,2026-05-08,Journeyman Construction,Cannon Kilde,(512) 247-7000,AUSTIN,"Excavators, Dozers, Loaders",https://abc.austintexas.gov/web/permit/public-search-other?t_detail=1&t_selected_folderrsn=13609135
85,"$20M+ value, 4 floors, New",2025-141347 BP,1420 E HOWARD LN BLDG CP4,78660,CONSTRUCT NEW MULTIFAMILY COMPLEX - CARPORT,39719000.0,975.0,4,New,C- 105 Five or More Family Bldgs,2026-05-08,Journeyman Construction,Cannon Kilde,(512) 247-7000,AUSTIN,"Excavators, Dozers, Loaders",https://abc.austintexas.gov/web/permit/public-search-other?t_detail=1&t_selected_folderrsn=13609134
85,"$20M+ value, 4 floors, New",2025-141346 BP,1420 E HOWARD LN BLDG CP3,78660,CONSTRUCT NEW MULTIFAMILY COMPLEX     CARPORT,39719000.0,975.0,4,New,C- 105 Five or More Family Bldgs,2026-05-08,Journeyman Construction,Cannon Kilde,(512) 247-7000,AUSTIN,"Excavators, Dozers, Loaders",https://abc.austintexas.gov/web/permit/public-search-other?t_detail=1&t_selected_folderrsn=13609133
85,"$20M+ value, 4 floors, New",2025-141349 BP,1420 E HOWARD LN BLDG CP6,78660,CONSTRUCT NEW MULTIFAMILY COMPLEX - CARPORT,39719000.0,975.0,4,New,C- 105 Five or More Family Bldgs,2026-05-08,Journeyman Construction,Cannon Kilde,(512) 247-7000,AUSTIN,"Excavators, Dozers, Loaders",https://abc.austintexas.gov/web/permit/public-search-other?t_detail=1&t_selected_folderrsn=13609136
85,"$20M+ value, 4 floors, New",2025-141350 BP,1420 E HOWARD LN BLDG CP7,78660,CONSTRUCT NEW MULTIFAMILY COMPLEX - CARPORT,39719000.0,975.0,4,New,C- 105 Five or More Family Bldgs,2026-05-08,Journeyman Construction,Cannon Kilde,(512) 247-7000,AUSTIN,"Excavators, Dozers, Loaders",https://abc.austintexas.gov/web/permit/public-search-other?t_detail=1&t_selected_folderrsn=13609137
85,"$20M+ value, 4 floors, New",2025-141343 BP,1420 E HOWARD LN BLDG 2 UNIT CLUB,78660,CONSTRUCT NEW MULTIFAMILY COMPLEX   BLDG 2 TYPE: CLUBHOUSE,39719000.0,7562.0,4,New,C- 105 Five or More Family Bldgs,2026-05-08,Journeyman Construction,Cannon Kilde,(512) 247-7000,AUSTIN,"Excavators, Dozers, Loaders",https://abc.austintexas.gov/web/permit/public-search-other?t_detail=1&t_selected_folderrsn=13609130
85,"$20M+ value, 4 floors, New",2025-141354 BP,1420 E HOWARD LN BLDG DP,78660,CONSTRUCT NEW MULTIFAMILY COMPLEX - TRASH ENCLOSURE,39719000.0,730.0,4,New,C- 105 Five or More Family Bldgs,2026-05-08,Journeyman Construction,Cannon Kilde,(512) 247-7000,AUSTIN,"Excavators, Dozers, Loaders",https://abc.austintexas.gov/web/permit/public-search-other?t_detail=1&t_selected_folderrsn=13609141
85,"$20M+ value, 4 floors, New",2025-141352 BP,1420 E HOWARD LN BLDG CP9,78660,CONSTRUCT NEW MULTIFAMILY COMPLEX - CARPORT,39719000.0,975.0,4,New,C- 105 Five or More Family Bldgs,2026-05-08,Journeyman Construction,Cannon Kilde,(512) 247-7000,AUSTIN,"Excavators, Dozers, Loaders",https://abc.austintexas.gov/web/permit/public-search-other?t_detail=1&t_selected_folderrsn=13609139
85,"$20M+ value, 10K+ sqft, 3 floors, New",2025-141342 BP,1420 E HOWARD LN,78660,CONSTRUCT NEW MULTIFAMILY COMPLEX     BLDG 4 TYPE D,39719000.0,15984.0,3,New,C- 105 Five or More Family Bldgs,2026-05-08,Journeyman Construction,Cannon Kilde,(512) 247-7000,AUSTIN,"Excavators, Dozers, Loaders",https://abc.austintexas.gov/web/permit/public-search-other?t_detail=1&t_selected_folderrsn=13609129
85,"$20M+ value, 4 floors, New",2025-141353 BP,1420 E HOWARD LN BLDG EV,78660,CONSTRUCT NEW MULTIFAMILY COMPLEX - EV CHARGERS (4),39719000.0,730.0,4,New,C- 105 Five or More Family Bldgs,2026-05-08,Journeyman Construction,Cannon Kilde,(512) 247-7000,AUSTIN,"Excavators, Dozers, Loaders",https://abc.austintexas.gov/web/permit/public-search-other?t_detail=1&t_selected_folderrsn=13609140
85,"$20M+ value, 4 floors, New",2025-141345 BP,1420 E HOWARD LN BLDG CP2,78660,CONSTRUCT NEW MULTIFAMILY COMPLEX - CARPORT,39719000.0,975.0,4,New,C- 105 Five or More Family Bldgs,2026-05-08,Journeyman Construction,Cannon Kilde,(512) 247-7000,AUSTIN,"Excavators, Dozers, Loaders",https://abc.austintexas.gov/web/permit/public-search-other?t_detail=1&t_selected_folderrsn=13609132
80,"$10M+ value, 10K+ sqft, 3 floors, Addition and Remodel",2026-035667 BP,1715 W CESAR CHAVEZ ST,78703,ePlan: Commercial Expedited Review - [PUBLIC PROJECT] Addition and Remodel to Austin High School. Phase 3. (396761 SF).,10357457.0,21520.0,3,Addition and Remodel,"C- 437 Addn, Alter, Convn-NonRes",2026-04-07,Cadence McShane Construction Company,Alexis Stecker,(512) 328-1411,AUSTIN,Boom Lifts,https://abc.austintexas.gov/web/permit/public-search-other?t_detail=1&t_selected_folderrsn=13675246
75,"$20M+ value, New",2026-037894 BP,3505 MONTOPOLIS DR BLDG GEN,78744,ePlan: Commercial Expedited Review - New Construction of Genset with Enclosure.,22000000.0,1000.0,1,New,C- 329 Com Structures Other Than Bldg,2026-03-30,"ZAPALAC/REED CONSTRUCTION CO., LP",Juan-Carlos Talamantes,(512) 306-8888,BEE CAVE,"Excavators, Dozers, Loaders",https://abc.austintexas.gov/web/permit/public-search-other?t_detail=1&t_selected_folderrsn=13677840
75,"$20M+ value, New",2026-037896 BP,3505 MONTOPOLIS DR BLDG DP,78744,ePlan: Commercial Expedited Review - New Dumpster Enclosure and Irrigation Cistern.,22000000.0,600.0,1,New,C- 329 Com Structures Other Than Bldg,2026-03-30,"ZAPALAC/REED CONSTRUCTION CO., LP",Juan-Carlos Talamantes,(512) 306-8888,BEE CAVE,"Excavators, Dozers, Loaders",https://abc.austintexas.gov/web/permit/public-search-other?t_detail=1&t_selected_folderrsn=13677842
75,"$10M+ value, 10K+ sqft, New",2025-052515 BP,7734 MC KINNEY FALLS PKWY,78744,ePlan: Commercial Expedited Review - New Construction of Retail Building including Convenience Store and lease Space for Future Tenants (11000 SF).,15000000.0,11000.0,1,New,C- 327 Stores & Customer Services,2026-03-18,PrimeHaven Development LLC,Alim Mahesania,(512) 586-1532,AUSTIN,"Excavators, Dozers, Loaders",https://abc.austintexas.gov/web/permit/public-search-other?t_detail=1&t_selected_folderrsn=13509152
70,"$10M+ value, New",2026-057523 BP,11900 VISTA PARKE DR,78726,New construction of 8 high chain link fence. Commercial Building Application for the length of 43-0 of interior site fence between existing Building,17510428.0,1000.0,1,New,C- 322 Service Station & Repair Garage,2026-05-08,Bartlett Cocke General Contractors (MAIN),Donna Kirkpatrick,(512) 326-4223,Austin,"Boom Lifts, Scissor Lifts",https://abc.austintexas.gov/web/permit/public-search-other?t_detail=1&t_selected_folderrsn=13700234
70,"$10M+ value, New",2026-057522 BP,11900 VISTA PARKE DR,78726,New construction of fuel station and exterior canopy structure at existing Grandview Hills Ancillary Buildings.,17510428.0,900.0,1,New,C- 322 Service Station & Repair Garage,2026-05-08,Bartlett Cocke General Contractors (MAIN),Donna Kirkpatrick,(512) 326-4223,Austin,"Excavators, Dozers, Loaders",https://abc.austintexas.gov/web/permit/public-search-other?t_detail=1&t_selected_folderrsn=13700233
70,"$10M+ value, New",2026-039671 BP,2901 S US 183 HWY NB,78719,BAUS - Airport Project: Install Necessary Fuel Infrastructure and Equipment to Support a Future Concourse hydrant fuel system and receipt of jet fuel,15000000.0,640.0,1,New,C- 328 Commercial Other Nonresident Bldg,2026-04-21,"Burns & McDonnell Engineering Company, Inc",Kyle Smith,(816) 276-1577,KANSAS CITY,Boom Lifts,https://abc.austintexas.gov/web/permit/public-search-other?t_detail=1&t_selected_folderrsn=13679818
70,"$5M+ value, 10K+ sqft, New",2026-034125 BP,2220 E M FRANKLIN AVE,78723,CONSTRUCT NEW OFFICE BUILDING WITH ACCESORY USES (STORAGE BLOOD DONATION AREAS),7000000.0,16169.0,1,New,"C- 324 Office, Bank & Professional Bldgs",2026-03-24,"Sturzenbecker Construction Co., Inc.",James Sturzenbecker,(843) 626-3500,Myrtle Beach,"Excavators, Dozers, Loaders",https://abc.austintexas.gov/web/permit/public-search-other?t_detail=1&t_selected_folderrsn=13673532
70,"$1M+ value, 10K+ sqft, 2 floors, New",2025-062684 BP,912 BASTROP HWY SB,78741,Core and shell pre-engineered metal buildings with individual tenant lease spaces.(3 Buildings - Multi-app - Building 2 3 and 4),2091600.0,15680.0,2,New,"C- 324 Office, Bank & Professional Bldgs",2026-04-17,"Engen Contracting, Inc.",Michael Engen,(512) 342-2774,AUSTIN,Cranes,https://abc.austintexas.gov/web/permit/public-search-other?t_detail=1&t_selected_folderrsn=13521042
70,"$1M+ value, 50K+ sqft, New",2026-040446 BP,7000 METROPOLIS DR UNIT 200,78744,App 1. Provide 2 L3 electric vehicle (EV) charging stations for the currently operational delivery van fleet utilizing the existing primary electrical,1869000.0,80037.0,1,New,C- 329 Com Structures Other Than Bldg,2026-04-14,"Bailey Construction & Consulting, LLC",Bill Springer,(501) 954-9201,Little Rock,"Excavators, Dozers, Loaders",https://abc.austintexas.gov/web/permit/public-search-other?t_detail=1&t_selected_folderrsn=13680716
70,"$1M+ value, 50K+ sqft, New",2026-040447 BP,7000 METROPOLIS DR UNIT 200,78744,App 2. Provide 265 L2 electric vehicle (EV) charging stations for the currently operational delivery van fleet utilizing the existing primary electric,1869000.0,80037.0,1,New,C- 329 Com Structures Other Than Bldg,2026-04-14,"Bailey Construction & Consulting, LLC",Bill Springer,(501) 954-9201,Little Rock,"Excavators, Dozers, Loaders",https://abc.austintexas.gov/web/permit/public-search-other?t_detail=1&t_selected_folderrsn=13680717
65,"$5M+ value, New",2026-034126 BP,2220 E M FRANKLIN AVE,78723,CONSTRUCT NEW TRASH ENCLOSURE,7000000.0,312.0,1,New,"C- 324 Office, Bank & Professional Bldgs",2026-03-24,"Sturzenbecker Construction Co., Inc.",James Sturzenbecker,(843) 626-3500,Myrtle Beach,"Excavators, Dozers, Loaders",https://abc.austintexas.gov/web/permit/public-search-other?t_detail=1&t_selected_folderrsn=13673533
65,"$1M+ value, 10K+ sqft, Addition and Remodel",2026-004811 BP,1610 DUNGAN LN,78754,ePlan: Commercial Expedited Review - Changed of Use from Warehouse to Indoor Sports and Recreation. Scope of Work to Include New Wooden Deck Fence Dra,2200000.0,20960.0,1,Addition and Remodel,"C- 437 Addn, Alter, Convn-NonRes",2026-03-19,"IE2 CONSTRUCTION, INC",Mike Neif,(512) 973-3930,Austin,"Cranes, Material Handling",https://abc.austintexas.gov/web/permit/public-search-other?t_detail=1&t_selected_folderrsn=13640273
65,"$1M+ value, 2 floors, New",2025-062685 BP,912 BASTROP HWY SB,78741,CORE AND SHELL PRE-ENGINEERED METAL BUILDING WITH INDIVIDUAL TENANT LEASE SPACES.,2091600.0,9683.0,2,New,"C- 324 Office, Bank & Professional Bldgs",2026-04-20,"Engen Contracting, Inc.",Michael Engen,(512) 342-2774,AUSTIN,Cranes,https://abc.austintexas.gov/web/permit/public-search-other?t_detail=1&t_selected_folderrsn=13521043
65,"$1M+ value, 3 floors, Addition and Remodel",2026-036955 BP,601 RIO GRANDE ST UNIT 300,78701,ePlan: Commercial Expedited Review - Exterior Remodel of an Existing Pool Bar Area and Addition of New Roof Area Over Two Portions of Level 3 (16000 S,1500000.0,7540.0,3,Addition and Remodel,"C- 437 Addn, Alter, Convn-NonRes",2026-04-22,"CTC Contractors, LLC",,(713) 936-1970,Houston,,https://abc.austintexas.gov/web/permit/public-search-other?t_detail=1&t_selected_folderrsn=13676734
60,"$1M+ value, Addition and Remodel",2025-158291 BP,1010 E CESAR CHAVEZ ST,78702,Interior remodel to existing restaurant with dining room addition.,2300000.0,522.0,1,Addition and Remodel,"C- 437 Addn, Alter, Convn-NonRes",2026-03-30,AR Lucas Construction,Adam Lucas,(512) 801-7221,AUSTIN,Scissor Lifts,https://abc.austintexas.gov/web/permit/public-search-other?t_detail=1&t_selected_folderrsn=13628457
60,"$1M+ value, New",2026-017477 BP,9801 W PARMER LN BLDG REC,78717,ePlan: Commercial Expedited Review - New Construction of Fitness Amenity Bldg. (3052 SF),1800000.0,3320.0,1,New,C- 328 Commercial Other Nonresident Bldg,2026-05-05,Capitol Painting and Construction,Ilan Katave,(469) 951-7706,Farmers Bran,"Excavators, Dozers, Loaders",https://abc.austintexas.gov/web/permit/public-search-other?t_detail=1&t_selected_folderrsn=13654749
60,"$1M+ value, Shell",2026-052789 BP,3101 E YAGER LN BLDG 4,78754,New construction of a free standing single story shell building,1600000.0,3419.0,1,Shell,C- 327 Stores & Customer Services,2026-04-29,Flintrock Commercial,Tim Edwards,(512) 813-0700,AUSTIN,"Boom Lifts, Cranes",https://abc.austintexas.gov/web/permit/public-search-other?t_detail=1&t_selected_folderrsn=13694848
60,"$1M+ value, New",2026-055876 BP,9220 W PARMER LN,78717,New Construction Light auto maintenance repair,1500000.0,3850.0,1,New,C- 322 Service Station & Repair Garage,2026-05-06,1020 Construction,Rachel Chambers,(210) 249-1491,San Antonio,"Excavators, Dozers, Loaders",https://abc.austintexas.gov/web/permit/public-search-other?t_detail=1&t_selected_folderrsn=13698376
